{"v":"5.5.8","fr":25,"ip":0,"op":75,"w":750,"h":1334,"nm":"Ad Free Experience","ddd":0,"assets":[],"layers":[{"ddd":0,"ind":1,"ty":4,"nm":"Layer 5/lottie_ad-free-experience Outlines","sr":1,"ks":{"o":{"a":1,"k":[{"i":{"x":[0],"y":[1.001]},"o":{"x":[0.187],"y":[0]},"t":28,"s":[0]},{"i":{"x":[0.704],"y":[1]},"o":{"x":[0.338],"y":[8.43]},"t":36,"s":[100]},{"i":{"x":[0.667],"y":[1]},"o":{"x":[0.333],"y":[0]},"t":40,"s":[100]},{"i":{"x":[0.833],"y":[1]},"o":{"x":[0.167],"y":[0]},"t":42,"s":[1]},{"i":{"x":[0.833],"y":[1]},"o":{"x":[0.167],"y":[0]},"t":44,"s":[96]},{"t":46,"s":[0]}],"ix":11},"r":{"a":1,"k":[{"i":{"x":[0.667],"y":[1]},"o":{"x":[0.333],"y":[0]},"t":30,"s":[11.212]},{"t":36,"s":[0]}],"ix":10},"p":{"a":1,"k":[{"i":{"x":0.667,"y":1},"o":{"x":0.333,"y":0},"t":30,"s":[439,527,0],"to":[-12.167,26.087,0],"ti":[12.167,-26.087,0]},{"t":36,"s":[366,683.522,0]}],"ix":2},"a":{"a":0,"k":[187.5,333.5,0],"ix":1},"s":{"a":0,"k":[199.55,199.55,100],"ix":6}},"ao":0,"shapes":[{"ty":"gr","it":[{"ind":0,"ty":"sh","ix":1,"ks":{"a":0,"k":{"i":[[-0.611,0],[0,0],[1.039,-1.311],[0,0],[-1.673,0],[0,0],[0.501,-0.658],[0,0],[0,0.958],[0,0],[0.553,0],[0,0],[-0.45,0.664],[0,0],[0.802,0],[0,0],[-1.037,1.312],[0,0]],"o":[[0,0],[1.672,0],[0,0],[-1.039,1.311],[0,0],[0.827,0],[0,0],[-0.579,0.762],[0,0],[0,-0.552],[0,0],[-0.801,0],[0,0],[0.449,-0.664],[0,0],[-1.672,0],[0,0],[0.38,-0.48]],"v":[[-15.012,-44.732],[34.38,-44.732],[35.947,-41.489],[5.438,-4.257],[7.005,-1.015],[19.016,-1.015],[19.812,0.59],[-13.167,43.971],[-14.963,43.366],[-14.963,15.796],[-15.963,14.796],[-30.572,14.796],[-31.398,13.235],[-11.646,-15.939],[-12.474,-17.499],[-34.381,-17.499],[-35.95,-20.74],[-16.581,-43.972]],"c":true},"ix":2},"nm":"Path 1","mn":"ADBE Vector Shape - Group","hd":false},{"ty":"st","c":{"a":0,"k":[0.987999949736,0.702000038297,0.086000001197,1],"ix":3},"o":{"a":0,"k":100,"ix":4},"w":{"a":0,"k":2,"ix":5},"lc":1,"lj":1,"ml":10,"bm":0,"nm":"Stroke 1","mn":"ADBE Vector Graphic - Stroke","hd":false},{"ty":"tr","p":{"a":0,"k":[192.809,279.428],"ix":2},"a":{"a":0,"k":[0,0],"ix":1},"s":{"a":0,"k":[100,100],"ix":3},"r":{"a":0,"k":0,"ix":6},"o":{"a":0,"k":100,"ix":7},"sk":{"a":0,"k":0,"ix":4},"sa":{"a":0,"k":0,"ix":5},"nm":"Transform"}],"nm":"Group 1","np":2,"cix":2,"bm":0,"ix":1,"mn":"ADBE Vector Group","hd":false}],"ip":0,"op":75,"st":0,"bm":0},{"ddd":0,"ind":2,"ty":4,"nm":"Layer 3/lottie_ad-free-experience Outlines","sr":1,"ks":{"o":{"a":1,"k":[{"i":{"x":[0.667],"y":[1]},"o":{"x":[0.333],"y":[0]},"t":40,"s":[0]},{"t":45,"s":[100]}],"ix":11},"r":{"a":0,"k":0,"ix":10},"p":{"a":0,"k":[375,681,0],"ix":2},"a":{"a":0,"k":[187.5,333.5,0],"ix":1},"s":{"a":0,"k":[199.55,199.55,100],"ix":6}},"ao":0,"shapes":[{"ty":"gr","it":[{"ind":0,"ty":"sh","ix":1,"ks":{"a":0,"k":{"i":[[0,-0.553],[0,0],[-0.553,0],[0,0],[-1.318,3.29],[0,2.494],[1.08,1.843],[3.218,0],[0,0]],"o":[[0,0],[0,0.553],[0,0],[3.341,0],[0.719,-1.805],[0,-3.442],[-1.08,-1.844],[0,0],[-0.553,0]],"v":[[-7.459,-10.039],[-7.459,10.039],[-6.459,11.039],[-0.931,11.039],[6.057,6.104],[7.137,-0.345],[5.517,-8.272],[-0.931,-11.039],[-6.459,-11.039]],"c":true},"ix":2},"nm":"Path 1","mn":"ADBE Vector Shape - Group","hd":false},{"ind":1,"ty":"sh","ix":2,"ks":{"a":0,"k":{"i":[[-1.394,-0.459],[-1.471,-2.08],[-0.429,-1.958],[0,-1.775],[1.807,-3.122],[5.113,0],[0,0],[0,0.553],[0,0],[-0.553,0],[0,0]],"o":[[2.373,0.78],[1.178,1.683],[0.428,1.959],[0,4.498],[-2.45,4.207],[0,0],[-0.553,0],[0,0],[0,-0.553],[0,0],[2.097,0.03]],"v":[[5.501,-16.18],[11.266,-11.888],[13.677,-6.426],[14.32,-0.827],[11.61,10.604],[0.265,16.914],[-13.32,16.914],[-14.32,15.914],[-14.32,-15.914],[-13.32,-16.914],[0.265,-16.914]],"c":true},"ix":2},"nm":"Path 2","mn":"ADBE Vector Shape - Group","hd":false},{"ty":"mm","mm":1,"nm":"Merge Paths 1","mn":"ADBE Vector Filter - Merge","hd":false},{"ty":"st","c":{"a":0,"k":[0.337000020345,0.337000020345,0.340999977261,1],"ix":3},"o":{"a":0,"k":100,"ix":4},"w":{"a":0,"k":2,"ix":5},"lc":1,"lj":1,"ml":10,"bm":0,"nm":"Stroke 1","mn":"ADBE Vector Graphic - Stroke","hd":false},{"ty":"tr","p":{"a":0,"k":[204.769,344.66],"ix":2},"a":{"a":0,"k":[0,0],"ix":1},"s":{"a":0,"k":[100,100],"ix":3},"r":{"a":0,"k":0,"ix":6},"o":{"a":0,"k":100,"ix":7},"sk":{"a":0,"k":0,"ix":4},"sa":{"a":0,"k":0,"ix":5},"nm":"Transform"}],"nm":"Group 1","np":4,"cix":2,"bm":0,"ix":1,"mn":"ADBE Vector Group","hd":false},{"ty":"gr","it":[{"ind":0,"ty":"sh","ix":1,"ks":{"a":0,"k":{"i":[[-0.681,0],[0,0],[0.207,0.646],[0,0],[0.304,-0.919],[0,0]],"o":[[0,0],[0.678,0],[0,0],[-0.296,-0.922],[0,0],[-0.213,0.647]],"v":[[-3.029,4.13],[2.88,4.13],[3.833,2.824],[0.917,-6.255],[-0.984,-6.263],[-3.98,2.817]],"c":true},"ix":2},"nm":"Path 1","mn":"ADBE Vector Shape - Group","hd":false},{"ind":1,"ty":"sh","ix":2,"ks":{"a":0,"k":{"i":[[-0.423,0],[0,0],[-0.141,-0.399],[0,0],[0.691,0],[0,0],[0.133,0.414],[0,0],[0.434,0],[0,0],[0.135,-0.41],[0,0],[0.431,0],[0,0],[-0.232,0.652],[0,0]],"o":[[0,0],[0.424,0],[0,0],[0.23,0.651],[0,0],[-0.434,0],[0,0],[-0.132,-0.413],[0,0],[-0.431,0],[0,0],[-0.135,0.41],[0,0],[-0.691,0],[0,0],[0.142,-0.398]],"v":[[-3.242,-16.914],[3.343,-16.914],[4.286,-16.248],[15.548,15.58],[14.604,16.913],[9.083,16.913],[8.13,16.219],[6.346,10.654],[5.393,9.96],[-5.613,9.96],[-6.562,10.647],[-8.402,16.227],[-9.352,16.913],[-14.604,16.913],[-15.546,15.577],[-4.184,-16.25]],"c":true},"ix":2},"nm":"Path 2","mn":"ADBE Vector Shape - Group","hd":false},{"ty":"mm","mm":1,"nm":"Merge Paths 1","mn":"ADBE Vector Filter - Merge","hd":false},{"ty":"st","c":{"a":0,"k":[0.337000020345,0.337000020345,0.340999977261,1],"ix":3},"o":{"a":0,"k":100,"ix":4},"w":{"a":0,"k":2,"ix":5},"lc":1,"lj":1,"ml":10,"bm":0,"nm":"Stroke 1","mn":"ADBE Vector Graphic - Stroke","hd":false},{"ty":"tr","p":{"a":0,"k":[170.126,344.66],"ix":2},"a":{"a":0,"k":[0,0],"ix":1},"s":{"a":0,"k":[100,100],"ix":3},"r":{"a":0,"k":0,"ix":6},"o":{"a":0,"k":100,"ix":7},"sk":{"a":0,"k":0,"ix":4},"sa":{"a":0,"k":0,"ix":5},"nm":"Transform"}],"nm":"Group 2","np":4,"cix":2,"bm":0,"ix":2,"mn":"ADBE Vector Group","hd":false}],"ip":0,"op":75,"st":0,"bm":0},{"ddd":0,"ind":3,"ty":4,"nm":"Layer 4/lottie_ad-free-experience Outlines","sr":1,"ks":{"o":{"a":1,"k":[{"i":{"x":[0.667],"y":[1]},"o":{"x":[0.333],"y":[0]},"t":40,"s":[0]},{"t":45,"s":[100]}],"ix":11},"r":{"a":0,"k":0,"ix":10},"p":{"a":0,"k":[375,667,0],"ix":2},"a":{"a":0,"k":[187.5,333.5,0],"ix":1},"s":{"a":0,"k":[199.55,199.55,100],"ix":6}},"ao":0,"shapes":[{"ty":"gr","it":[{"ind":0,"ty":"sh","ix":1,"ks":{"a":0,"k":{"i":[[1.104,0],[0,0],[0,1.104],[0,0],[-1.105,0],[0,0],[0,-1.105],[0,0]],"o":[[0,0],[-1.105,0],[0,0],[0,-1.105],[0,0],[1.104,0],[0,0],[0,1.104]],"v":[[4.055,6.056],[-4.055,6.056],[-6.055,4.056],[-6.055,-4.055],[-4.055,-6.055],[4.055,-6.055],[6.055,-4.055],[6.055,4.056]],"c":true},"ix":2},"nm":"Path 1","mn":"ADBE Vector Shape - Group","hd":false},{"ty":"st","c":{"a":0,"k":[0.337000020345,0.337000020345,0.340999977261,1],"ix":3},"o":{"a":0,"k":100,"ix":4},"w":{"a":0,"k":2,"ix":5},"lc":1,"lj":1,"ml":10,"bm":0,"nm":"Stroke 1","mn":"ADBE Vector Graphic - Stroke","hd":false},{"ty":"tr","p":{"a":0,"k":[242.113,352.15],"ix":2},"a":{"a":0,"k":[0,0],"ix":1},"s":{"a":0,"k":[100,100],"ix":3},"r":{"a":0,"k":0,"ix":6},"o":{"a":0,"k":100,"ix":7},"sk":{"a":0,"k":0,"ix":4},"sa":{"a":0,"k":0,"ix":5},"nm":"Transform"}],"nm":"Group 1","np":2,"cix":2,"bm":0,"ix":1,"mn":"ADBE Vector Group","hd":false},{"ty":"gr","it":[{"ind":0,"ty":"sh","ix":1,"ks":{"a":0,"k":{"i":[[1.104,0],[0,0],[0,1.104],[0,0],[-1.105,0],[0,0],[0,-1.105],[0,0]],"o":[[0,0],[-1.105,0],[0,0],[0,-1.105],[0,0],[1.104,0],[0,0],[0,1.104]],"v":[[4.055,6.056],[-4.055,6.056],[-6.055,4.056],[-6.055,-4.055],[-4.055,-6.055],[4.055,-6.055],[6.055,-4.055],[6.055,4.056]],"c":true},"ix":2},"nm":"Path 1","mn":"ADBE Vector Shape - Group","hd":false},{"ty":"st","c":{"a":0,"k":[0.337000020345,0.337000020345,0.340999977261,1],"ix":3},"o":{"a":0,"k":100,"ix":4},"w":{"a":0,"k":2,"ix":5},"lc":1,"lj":1,"ml":10,"bm":0,"nm":"Stroke 1","mn":"ADBE Vector Graphic - Stroke","hd":false},{"ty":"tr","p":{"a":0,"k":[242.113,329.817],"ix":2},"a":{"a":0,"k":[0,0],"ix":1},"s":{"a":0,"k":[100,100],"ix":3},"r":{"a":0,"k":0,"ix":6},"o":{"a":0,"k":100,"ix":7},"sk":{"a":0,"k":0,"ix":4},"sa":{"a":0,"k":0,"ix":5},"nm":"Transform"}],"nm":"Group 2","np":2,"cix":2,"bm":0,"ix":2,"mn":"ADBE Vector Group","hd":false},{"ty":"gr","it":[{"ind":0,"ty":"sh","ix":1,"ks":{"a":0,"k":{"i":[[1.104,0],[0,0],[0,1.105],[0,0],[-1.105,0],[0,0],[0,-1.105],[0,0]],"o":[[0,0],[-1.105,0],[0,0],[0,-1.105],[0,0],[1.104,0],[0,0],[0,1.105]],"v":[[4.055,6.055],[-4.055,6.055],[-6.055,4.055],[-6.055,-4.055],[-4.055,-6.055],[4.055,-6.055],[6.055,-4.055],[6.055,4.055]],"c":true},"ix":2},"nm":"Path 1","mn":"ADBE Vector Shape - Group","hd":false},{"ty":"st","c":{"a":0,"k":[0.337000020345,0.337000020345,0.340999977261,1],"ix":3},"o":{"a":0,"k":100,"ix":4},"w":{"a":0,"k":2,"ix":5},"lc":1,"lj":1,"ml":10,"bm":0,"nm":"Stroke 1","mn":"ADBE Vector Graphic - Stroke","hd":false},{"ty":"tr","p":{"a":0,"k":[242.113,307.483],"ix":2},"a":{"a":0,"k":[0,0],"ix":1},"s":{"a":0,"k":[100,100],"ix":3},"r":{"a":0,"k":0,"ix":6},"o":{"a":0,"k":100,"ix":7},"sk":{"a":0,"k":0,"ix":4},"sa":{"a":0,"k":0,"ix":5},"nm":"Transform"}],"nm":"Group 3","np":2,"cix":2,"bm":0,"ix":3,"mn":"ADBE Vector Group","hd":false},{"ty":"gr","it":[{"ind":0,"ty":"sh","ix":1,"ks":{"a":0,"k":{"i":[[1.104,0],[0,0],[0,1.104],[0,0],[-1.105,0],[0,0],[0,-1.104],[0,0]],"o":[[0,0],[-1.105,0],[0,0],[0,-1.104],[0,0],[1.104,0],[0,0],[0,1.104]],"v":[[4.055,6.056],[-4.055,6.056],[-6.055,4.056],[-6.055,-4.055],[-4.055,-6.055],[4.055,-6.055],[6.055,-4.055],[6.055,4.056]],"c":true},"ix":2},"nm":"Path 1","mn":"ADBE Vector Shape - Group","hd":false},{"ty":"st","c":{"a":0,"k":[0.337000020345,0.337000020345,0.340999977261,1],"ix":3},"o":{"a":0,"k":100,"ix":4},"w":{"a":0,"k":2,"ix":5},"lc":1,"lj":1,"ml":10,"bm":0,"nm":"Stroke 1","mn":"ADBE Vector Graphic - Stroke","hd":false},{"ty":"tr","p":{"a":0,"k":[242.113,285.15],"ix":2},"a":{"a":0,"k":[0,0],"ix":1},"s":{"a":0,"k":[100,100],"ix":3},"r":{"a":0,"k":0,"ix":6},"o":{"a":0,"k":100,"ix":7},"sk":{"a":0,"k":0,"ix":4},"sa":{"a":0,"k":0,"ix":5},"nm":"Transform"}],"nm":"Group 4","np":2,"cix":2,"bm":0,"ix":4,"mn":"ADBE Vector Group","hd":false},{"ty":"gr","it":[{"ind":0,"ty":"sh","ix":1,"ks":{"a":0,"k":{"i":[[1.105,0],[0,0],[0,1.104],[0,0],[-1.105,0],[0,0],[0,-1.105],[0,0]],"o":[[0,0],[-1.105,0],[0,0],[0,-1.105],[0,0],[1.105,0],[0,0],[0,1.104]],"v":[[4.055,6.056],[-4.055,6.056],[-6.055,4.056],[-6.055,-4.055],[-4.055,-6.055],[4.055,-6.055],[6.055,-4.055],[6.055,4.056]],"c":true},"ix":2},"nm":"Path 1","mn":"ADBE Vector Shape - Group","hd":false},{"ty":"st","c":{"a":0,"k":[0.337000020345,0.337000020345,0.340999977261,1],"ix":3},"o":{"a":0,"k":100,"ix":4},"w":{"a":0,"k":2,"ix":5},"lc":1,"lj":1,"ml":10,"bm":0,"nm":"Stroke 1","mn":"ADBE Vector Graphic - Stroke","hd":false},{"ty":"tr","p":{"a":0,"k":[132.113,352.15],"ix":2},"a":{"a":0,"k":[0,0],"ix":1},"s":{"a":0,"k":[100,100],"ix":3},"r":{"a":0,"k":0,"ix":6},"o":{"a":0,"k":100,"ix":7},"sk":{"a":0,"k":0,"ix":4},"sa":{"a":0,"k":0,"ix":5},"nm":"Transform"}],"nm":"Group 5","np":2,"cix":2,"bm":0,"ix":5,"mn":"ADBE Vector Group","hd":false},{"ty":"gr","it":[{"ind":0,"ty":"sh","ix":1,"ks":{"a":0,"k":{"i":[[1.105,0],[0,0],[0,1.104],[0,0],[-1.105,0],[0,0],[0,-1.105],[0,0]],"o":[[0,0],[-1.105,0],[0,0],[0,-1.105],[0,0],[1.105,0],[0,0],[0,1.104]],"v":[[4.055,6.056],[-4.055,6.056],[-6.055,4.056],[-6.055,-4.055],[-4.055,-6.055],[4.055,-6.055],[6.055,-4.055],[6.055,4.056]],"c":true},"ix":2},"nm":"Path 1","mn":"ADBE Vector Shape - Group","hd":false},{"ty":"st","c":{"a":0,"k":[0.337000020345,0.337000020345,0.340999977261,1],"ix":3},"o":{"a":0,"k":100,"ix":4},"w":{"a":0,"k":2,"ix":5},"lc":1,"lj":1,"ml":10,"bm":0,"nm":"Stroke 1","mn":"ADBE Vector Graphic - Stroke","hd":false},{"ty":"tr","p":{"a":0,"k":[132.113,329.817],"ix":2},"a":{"a":0,"k":[0,0],"ix":1},"s":{"a":0,"k":[100,100],"ix":3},"r":{"a":0,"k":0,"ix":6},"o":{"a":0,"k":100,"ix":7},"sk":{"a":0,"k":0,"ix":4},"sa":{"a":0,"k":0,"ix":5},"nm":"Transform"}],"nm":"Group 6","np":2,"cix":2,"bm":0,"ix":6,"mn":"ADBE Vector Group","hd":false},{"ty":"gr","it":[{"ind":0,"ty":"sh","ix":1,"ks":{"a":0,"k":{"i":[[1.105,0],[0,0],[0,1.105],[0,0],[-1.105,0],[0,0],[0,-1.105],[0,0]],"o":[[0,0],[-1.105,0],[0,0],[0,-1.105],[0,0],[1.105,0],[0,0],[0,1.105]],"v":[[4.055,6.055],[-4.055,6.055],[-6.055,4.055],[-6.055,-4.055],[-4.055,-6.055],[4.055,-6.055],[6.055,-4.055],[6.055,4.055]],"c":true},"ix":2},"nm":"Path 1","mn":"ADBE Vector Shape - Group","hd":false},{"ty":"st","c":{"a":0,"k":[0.337000020345,0.337000020345,0.340999977261,1],"ix":3},"o":{"a":0,"k":100,"ix":4},"w":{"a":0,"k":2,"ix":5},"lc":1,"lj":1,"ml":10,"bm":0,"nm":"Stroke 1","mn":"ADBE Vector Graphic - Stroke","hd":false},{"ty":"tr","p":{"a":0,"k":[132.113,307.483],"ix":2},"a":{"a":0,"k":[0,0],"ix":1},"s":{"a":0,"k":[100,100],"ix":3},"r":{"a":0,"k":0,"ix":6},"o":{"a":0,"k":100,"ix":7},"sk":{"a":0,"k":0,"ix":4},"sa":{"a":0,"k":0,"ix":5},"nm":"Transform"}],"nm":"Group 7","np":2,"cix":2,"bm":0,"ix":7,"mn":"ADBE Vector Group","hd":false},{"ty":"gr","it":[{"ind":0,"ty":"sh","ix":1,"ks":{"a":0,"k":{"i":[[1.105,0],[0,0],[0,1.104],[0,0],[-1.105,0],[0,0],[0,-1.104],[0,0]],"o":[[0,0],[-1.105,0],[0,0],[0,-1.104],[0,0],[1.105,0],[0,0],[0,1.104]],"v":[[4.055,6.056],[-4.055,6.056],[-6.055,4.056],[-6.055,-4.055],[-4.055,-6.055],[4.055,-6.055],[6.055,-4.055],[6.055,4.056]],"c":true},"ix":2},"nm":"Path 1","mn":"ADBE Vector Shape - Group","hd":false},{"ty":"st","c":{"a":0,"k":[0.337000020345,0.337000020345,0.340999977261,1],"ix":3},"o":{"a":0,"k":100,"ix":4},"w":{"a":0,"k":2,"ix":5},"lc":1,"lj":1,"ml":10,"bm":0,"nm":"Stroke 1","mn":"ADBE Vector Graphic - Stroke","hd":false},{"ty":"tr","p":{"a":0,"k":[132.113,285.15],"ix":2},"a":{"a":0,"k":[0,0],"ix":1},"s":{"a":0,"k":[100,100],"ix":3},"r":{"a":0,"k":0,"ix":6},"o":{"a":0,"k":100,"ix":7},"sk":{"a":0,"k":0,"ix":4},"sa":{"a":0,"k":0,"ix":5},"nm":"Transform"}],"nm":"Group 8","np":2,"cix":2,"bm":0,"ix":8,"mn":"ADBE Vector Group","hd":false},{"ty":"gr","it":[{"ind":0,"ty":"sh","ix":1,"ks":{"a":0,"k":{"i":[[4.418,0],[0,0],[0,4.419],[0,0],[-4.418,0],[0,0],[0,-4.418],[0,0]],"o":[[0,0],[-4.418,0],[0,0],[0,-4.418],[0,0],[4.418,0],[0,0],[0,4.419]],"v":[[63.112,50.802],[-63.112,50.802],[-71.112,42.802],[-71.112,-42.802],[-63.112,-50.802],[63.112,-50.802],[71.112,-42.802],[71.112,42.802]],"c":true},"ix":2},"nm":"Path 1","mn":"ADBE Vector Shape - Group","hd":false},{"ty":"st","c":{"a":0,"k":[0.337000020345,0.337000020345,0.340999977261,1],"ix":3},"o":{"a":0,"k":100,"ix":4},"w":{"a":0,"k":2,"ix":5},"lc":1,"lj":1,"ml":10,"bm":0,"nm":"Stroke 1","mn":"ADBE Vector Graphic - Stroke","hd":false},{"ty":"tr","p":{"a":0,"k":[187.612,318.893],"ix":2},"a":{"a":0,"k":[0,0],"ix":1},"s":{"a":0,"k":[100,100],"ix":3},"r":{"a":0,"k":0,"ix":6},"o":{"a":0,"k":100,"ix":7},"sk":{"a":0,"k":0,"ix":4},"sa":{"a":0,"k":0,"ix":5},"nm":"Transform"}],"nm":"Group 9","np":2,"cix":2,"bm":0,"ix":9,"mn":"ADBE Vector Group","hd":false}],"ip":0,"op":75,"st":0,"bm":0},{"ddd":0,"ind":4,"ty":4,"nm":"Layer 6/lottie_ad-free-experience Outlines","sr":1,"ks":{"o":{"a":1,"k":[{"i":{"x":[0.667],"y":[1]},"o":{"x":[0.333],"y":[0]},"t":2,"s":[100]},{"i":{"x":[0.667],"y":[1]},"o":{"x":[0.333],"y":[0]},"t":6,"s":[60]},{"i":{"x":[0.667],"y":[1]},"o":{"x":[0.333],"y":[0]},"t":15,"s":[100]},{"i":{"x":[0.667],"y":[1]},"o":{"x":[0.333],"y":[0]},"t":21,"s":[100]},{"i":{"x":[0.667],"y":[1]},"o":{"x":[0.333],"y":[0]},"t":26,"s":[60]},{"t":34,"s":[100]}],"ix":11},"r":{"a":0,"k":0,"ix":10},"p":{"a":0,"k":[375,667,0],"ix":2},"a":{"a":0,"k":[187.5,333.5,0],"ix":1},"s":{"a":0,"k":[199.55,199.55,100],"ix":6}},"ao":0,"shapes":[{"ty":"gr","it":[{"ind":0,"ty":"sh","ix":1,"ks":{"a":0,"k":{"i":[[1.104,0],[0,0],[0,1.104],[0,0],[-1.105,0],[0,0],[0,-1.105],[0,0]],"o":[[0,0],[-1.105,0],[0,0],[0,-1.105],[0,0],[1.104,0],[0,0],[0,1.104]],"v":[[4.055,6.056],[-4.055,6.056],[-6.055,4.056],[-6.055,-4.055],[-4.055,-6.055],[4.055,-6.055],[6.055,-4.055],[6.055,4.056]],"c":true},"ix":2},"nm":"Path 1","mn":"ADBE Vector Shape - Group","hd":false},{"ty":"st","c":{"a":0,"k":[0.987999949736,0.702000038297,0.086000001197,1],"ix":3},"o":{"a":0,"k":100,"ix":4},"w":{"a":0,"k":2,"ix":5},"lc":1,"lj":1,"ml":10,"bm":0,"nm":"Stroke 1","mn":"ADBE Vector Graphic - Stroke","hd":false},{"ty":"tr","p":{"a":0,"k":[242.113,352.15],"ix":2},"a":{"a":0,"k":[0,0],"ix":1},"s":{"a":0,"k":[100,100],"ix":3},"r":{"a":0,"k":0,"ix":6},"o":{"a":0,"k":100,"ix":7},"sk":{"a":0,"k":0,"ix":4},"sa":{"a":0,"k":0,"ix":5},"nm":"Transform"}],"nm":"Group 1","np":2,"cix":2,"bm":0,"ix":1,"mn":"ADBE Vector Group","hd":false},{"ty":"gr","it":[{"ind":0,"ty":"sh","ix":1,"ks":{"a":0,"k":{"i":[[1.104,0],[0,0],[0,1.104],[0,0],[-1.105,0],[0,0],[0,-1.105],[0,0]],"o":[[0,0],[-1.105,0],[0,0],[0,-1.105],[0,0],[1.104,0],[0,0],[0,1.104]],"v":[[4.055,6.056],[-4.055,6.056],[-6.055,4.056],[-6.055,-4.055],[-4.055,-6.055],[4.055,-6.055],[6.055,-4.055],[6.055,4.056]],"c":true},"ix":2},"nm":"Path 1","mn":"ADBE Vector Shape - Group","hd":false},{"ty":"st","c":{"a":0,"k":[0.987999949736,0.702000038297,0.086000001197,1],"ix":3},"o":{"a":0,"k":100,"ix":4},"w":{"a":0,"k":2,"ix":5},"lc":1,"lj":1,"ml":10,"bm":0,"nm":"Stroke 1","mn":"ADBE Vector Graphic - Stroke","hd":false},{"ty":"tr","p":{"a":0,"k":[242.113,329.817],"ix":2},"a":{"a":0,"k":[0,0],"ix":1},"s":{"a":0,"k":[100,100],"ix":3},"r":{"a":0,"k":0,"ix":6},"o":{"a":0,"k":100,"ix":7},"sk":{"a":0,"k":0,"ix":4},"sa":{"a":0,"k":0,"ix":5},"nm":"Transform"}],"nm":"Group 2","np":2,"cix":2,"bm":0,"ix":2,"mn":"ADBE Vector Group","hd":false},{"ty":"gr","it":[{"ind":0,"ty":"sh","ix":1,"ks":{"a":0,"k":{"i":[[1.104,0],[0,0],[0,1.105],[0,0],[-1.105,0],[0,0],[0,-1.105],[0,0]],"o":[[0,0],[-1.105,0],[0,0],[0,-1.105],[0,0],[1.104,0],[0,0],[0,1.105]],"v":[[4.055,6.055],[-4.055,6.055],[-6.055,4.055],[-6.055,-4.055],[-4.055,-6.055],[4.055,-6.055],[6.055,-4.055],[6.055,4.055]],"c":true},"ix":2},"nm":"Path 1","mn":"ADBE Vector Shape - Group","hd":false},{"ty":"st","c":{"a":0,"k":[0.987999949736,0.702000038297,0.086000001197,1],"ix":3},"o":{"a":0,"k":100,"ix":4},"w":{"a":0,"k":2,"ix":5},"lc":1,"lj":1,"ml":10,"bm":0,"nm":"Stroke 1","mn":"ADBE Vector Graphic - Stroke","hd":false},{"ty":"tr","p":{"a":0,"k":[242.113,307.483],"ix":2},"a":{"a":0,"k":[0,0],"ix":1},"s":{"a":0,"k":[100,100],"ix":3},"r":{"a":0,"k":0,"ix":6},"o":{"a":0,"k":100,"ix":7},"sk":{"a":0,"k":0,"ix":4},"sa":{"a":0,"k":0,"ix":5},"nm":"Transform"}],"nm":"Group 3","np":2,"cix":2,"bm":0,"ix":3,"mn":"ADBE Vector Group","hd":false},{"ty":"gr","it":[{"ind":0,"ty":"sh","ix":1,"ks":{"a":0,"k":{"i":[[1.104,0],[0,0],[0,1.104],[0,0],[-1.105,0],[0,0],[0,-1.104],[0,0]],"o":[[0,0],[-1.105,0],[0,0],[0,-1.104],[0,0],[1.104,0],[0,0],[0,1.104]],"v":[[4.055,6.056],[-4.055,6.056],[-6.055,4.056],[-6.055,-4.055],[-4.055,-6.055],[4.055,-6.055],[6.055,-4.055],[6.055,4.056]],"c":true},"ix":2},"nm":"Path 1","mn":"ADBE Vector Shape - Group","hd":false},{"ty":"st","c":{"a":0,"k":[0.987999949736,0.702000038297,0.086000001197,1],"ix":3},"o":{"a":0,"k":100,"ix":4},"w":{"a":0,"k":2,"ix":5},"lc":1,"lj":1,"ml":10,"bm":0,"nm":"Stroke 1","mn":"ADBE Vector Graphic - Stroke","hd":false},{"ty":"tr","p":{"a":0,"k":[242.113,285.15],"ix":2},"a":{"a":0,"k":[0,0],"ix":1},"s":{"a":0,"k":[100,100],"ix":3},"r":{"a":0,"k":0,"ix":6},"o":{"a":0,"k":100,"ix":7},"sk":{"a":0,"k":0,"ix":4},"sa":{"a":0,"k":0,"ix":5},"nm":"Transform"}],"nm":"Group 4","np":2,"cix":2,"bm":0,"ix":4,"mn":"ADBE Vector Group","hd":false},{"ty":"gr","it":[{"ind":0,"ty":"sh","ix":1,"ks":{"a":0,"k":{"i":[[1.105,0],[0,0],[0,1.104],[0,0],[-1.105,0],[0,0],[0,-1.105],[0,0]],"o":[[0,0],[-1.105,0],[0,0],[0,-1.105],[0,0],[1.105,0],[0,0],[0,1.104]],"v":[[4.055,6.056],[-4.055,6.056],[-6.055,4.056],[-6.055,-4.055],[-4.055,-6.055],[4.055,-6.055],[6.055,-4.055],[6.055,4.056]],"c":true},"ix":2},"nm":"Path 1","mn":"ADBE Vector Shape - Group","hd":false},{"ty":"st","c":{"a":0,"k":[0.987999949736,0.702000038297,0.086000001197,1],"ix":3},"o":{"a":0,"k":100,"ix":4},"w":{"a":0,"k":2,"ix":5},"lc":1,"lj":1,"ml":10,"bm":0,"nm":"Stroke 1","mn":"ADBE Vector Graphic - Stroke","hd":false},{"ty":"tr","p":{"a":0,"k":[132.113,352.15],"ix":2},"a":{"a":0,"k":[0,0],"ix":1},"s":{"a":0,"k":[100,100],"ix":3},"r":{"a":0,"k":0,"ix":6},"o":{"a":0,"k":100,"ix":7},"sk":{"a":0,"k":0,"ix":4},"sa":{"a":0,"k":0,"ix":5},"nm":"Transform"}],"nm":"Group 5","np":2,"cix":2,"bm":0,"ix":5,"mn":"ADBE Vector Group","hd":false},{"ty":"gr","it":[{"ind":0,"ty":"sh","ix":1,"ks":{"a":0,"k":{"i":[[1.105,0],[0,0],[0,1.104],[0,0],[-1.105,0],[0,0],[0,-1.105],[0,0]],"o":[[0,0],[-1.105,0],[0,0],[0,-1.105],[0,0],[1.105,0],[0,0],[0,1.104]],"v":[[4.055,6.056],[-4.055,6.056],[-6.055,4.056],[-6.055,-4.055],[-4.055,-6.055],[4.055,-6.055],[6.055,-4.055],[6.055,4.056]],"c":true},"ix":2},"nm":"Path 1","mn":"ADBE Vector Shape - Group","hd":false},{"ty":"st","c":{"a":0,"k":[0.987999949736,0.702000038297,0.086000001197,1],"ix":3},"o":{"a":0,"k":100,"ix":4},"w":{"a":0,"k":2,"ix":5},"lc":1,"lj":1,"ml":10,"bm":0,"nm":"Stroke 1","mn":"ADBE Vector Graphic - Stroke","hd":false},{"ty":"tr","p":{"a":0,"k":[132.113,329.817],"ix":2},"a":{"a":0,"k":[0,0],"ix":1},"s":{"a":0,"k":[100,100],"ix":3},"r":{"a":0,"k":0,"ix":6},"o":{"a":0,"k":100,"ix":7},"sk":{"a":0,"k":0,"ix":4},"sa":{"a":0,"k":0,"ix":5},"nm":"Transform"}],"nm":"Group 6","np":2,"cix":2,"bm":0,"ix":6,"mn":"ADBE Vector Group","hd":false},{"ty":"gr","it":[{"ind":0,"ty":"sh","ix":1,"ks":{"a":0,"k":{"i":[[1.105,0],[0,0],[0,1.105],[0,0],[-1.105,0],[0,0],[0,-1.105],[0,0]],"o":[[0,0],[-1.105,0],[0,0],[0,-1.105],[0,0],[1.105,0],[0,0],[0,1.105]],"v":[[4.055,6.055],[-4.055,6.055],[-6.055,4.055],[-6.055,-4.055],[-4.055,-6.055],[4.055,-6.055],[6.055,-4.055],[6.055,4.055]],"c":true},"ix":2},"nm":"Path 1","mn":"ADBE Vector Shape - Group","hd":false},{"ty":"st","c":{"a":0,"k":[0.987999949736,0.702000038297,0.086000001197,1],"ix":3},"o":{"a":0,"k":100,"ix":4},"w":{"a":0,"k":2,"ix":5},"lc":1,"lj":1,"ml":10,"bm":0,"nm":"Stroke 1","mn":"ADBE Vector Graphic - Stroke","hd":false},{"ty":"tr","p":{"a":0,"k":[132.113,307.483],"ix":2},"a":{"a":0,"k":[0,0],"ix":1},"s":{"a":0,"k":[100,100],"ix":3},"r":{"a":0,"k":0,"ix":6},"o":{"a":0,"k":100,"ix":7},"sk":{"a":0,"k":0,"ix":4},"sa":{"a":0,"k":0,"ix":5},"nm":"Transform"}],"nm":"Group 7","np":2,"cix":2,"bm":0,"ix":7,"mn":"ADBE Vector Group","hd":false},{"ty":"gr","it":[{"ind":0,"ty":"sh","ix":1,"ks":{"a":0,"k":{"i":[[1.105,0],[0,0],[0,1.104],[0,0],[-1.105,0],[0,0],[0,-1.104],[0,0]],"o":[[0,0],[-1.105,0],[0,0],[0,-1.104],[0,0],[1.105,0],[0,0],[0,1.104]],"v":[[4.055,6.056],[-4.055,6.056],[-6.055,4.056],[-6.055,-4.055],[-4.055,-6.055],[4.055,-6.055],[6.055,-4.055],[6.055,4.056]],"c":true},"ix":2},"nm":"Path 1","mn":"ADBE Vector Shape - Group","hd":false},{"ty":"st","c":{"a":0,"k":[0.987999949736,0.702000038297,0.086000001197,1],"ix":3},"o":{"a":0,"k":100,"ix":4},"w":{"a":0,"k":2,"ix":5},"lc":1,"lj":1,"ml":10,"bm":0,"nm":"Stroke 1","mn":"ADBE Vector Graphic - Stroke","hd":false},{"ty":"tr","p":{"a":0,"k":[132.113,285.15],"ix":2},"a":{"a":0,"k":[0,0],"ix":1},"s":{"a":0,"k":[100,100],"ix":3},"r":{"a":0,"k":0,"ix":6},"o":{"a":0,"k":100,"ix":7},"sk":{"a":0,"k":0,"ix":4},"sa":{"a":0,"k":0,"ix":5},"nm":"Transform"}],"nm":"Group 8","np":2,"cix":2,"bm":0,"ix":8,"mn":"ADBE Vector Group","hd":false},{"ty":"gr","it":[{"ind":0,"ty":"sh","ix":1,"ks":{"a":0,"k":{"i":[[4.418,0],[0,0],[0,4.419],[0,0],[-4.418,0],[0,0],[0,-4.418],[0,0]],"o":[[0,0],[-4.418,0],[0,0],[0,-4.418],[0,0],[4.418,0],[0,0],[0,4.419]],"v":[[63.112,50.802],[-63.112,50.802],[-71.112,42.802],[-71.112,-42.802],[-63.112,-50.802],[63.112,-50.802],[71.112,-42.802],[71.112,42.802]],"c":true},"ix":2},"nm":"Path 1","mn":"ADBE Vector Shape - Group","hd":false},{"ty":"st","c":{"a":0,"k":[0.987999949736,0.702000038297,0.086000001197,1],"ix":3},"o":{"a":0,"k":100,"ix":4},"w":{"a":0,"k":2,"ix":5},"lc":1,"lj":1,"ml":10,"bm":0,"nm":"Stroke 1","mn":"ADBE Vector Graphic - Stroke","hd":false},{"ty":"tr","p":{"a":0,"k":[187.612,318.893],"ix":2},"a":{"a":0,"k":[0,0],"ix":1},"s":{"a":0,"k":[100,100],"ix":3},"r":{"a":0,"k":0,"ix":6},"o":{"a":0,"k":100,"ix":7},"sk":{"a":0,"k":0,"ix":4},"sa":{"a":0,"k":0,"ix":5},"nm":"Transform"}],"nm":"Group 9","np":2,"cix":2,"bm":0,"ix":9,"mn":"ADBE Vector Group","hd":false}],"ip":0,"op":75,"st":0,"bm":0},{"ddd":0,"ind":5,"ty":4,"nm":"Layer 7/lottie_ad-free-experience Outlines","sr":1,"ks":{"o":{"a":1,"k":[{"i":{"x":[0.667],"y":[1]},"o":{"x":[0.333],"y":[0]},"t":2,"s":[100]},{"i":{"x":[0.667],"y":[1]},"o":{"x":[0.333],"y":[0]},"t":6,"s":[60]},{"i":{"x":[0.667],"y":[1]},"o":{"x":[0.333],"y":[0]},"t":15,"s":[100]},{"i":{"x":[0.667],"y":[1]},"o":{"x":[0.333],"y":[0]},"t":21,"s":[100]},{"i":{"x":[0.667],"y":[1]},"o":{"x":[0.333],"y":[0]},"t":26,"s":[60]},{"t":34,"s":[100]}],"ix":11},"r":{"a":1,"k":[{"i":{"x":[0.667],"y":[1]},"o":{"x":[0.333],"y":[0]},"t":34,"s":[0]},{"i":{"x":[0.833],"y":[1]},"o":{"x":[0.167],"y":[0]},"t":36,"s":[-15]},{"t":39,"s":[0]}],"ix":10},"p":{"a":1,"k":[{"i":{"x":0.667,"y":1},"o":{"x":0.333,"y":0},"t":34,"s":[375,621,0],"to":[0,7.667,0],"ti":[0,-10,0]},{"i":{"x":0.667,"y":1},"o":{"x":0.167,"y":0},"t":36,"s":[375,667,0],"to":[0,10,0],"ti":[0,-2.333,0]},{"t":39,"s":[375,681,0]}],"ix":2},"a":{"a":0,"k":[187.5,333.5,0],"ix":1},"s":{"a":0,"k":[199.55,199.55,100],"ix":6}},"ao":0,"shapes":[{"ty":"gr","it":[{"ind":0,"ty":"sh","ix":1,"ks":{"a":0,"k":{"i":[[0,-0.553],[0,0],[-0.553,0],[0,0],[-1.318,3.29],[0,2.494],[1.08,1.843],[3.218,0],[0,0]],"o":[[0,0],[0,0.553],[0,0],[3.341,0],[0.719,-1.805],[0,-3.442],[-1.08,-1.844],[0,0],[-0.553,0]],"v":[[-7.459,-10.039],[-7.459,10.039],[-6.459,11.039],[-0.931,11.039],[6.057,6.104],[7.137,-0.345],[5.517,-8.272],[-0.931,-11.039],[-6.459,-11.039]],"c":true},"ix":2},"nm":"Path 1","mn":"ADBE Vector Shape - Group","hd":false},{"ind":1,"ty":"sh","ix":2,"ks":{"a":0,"k":{"i":[[-1.394,-0.459],[-1.471,-2.08],[-0.429,-1.958],[0,-1.775],[1.807,-3.122],[5.113,0],[0,0],[0,0.553],[0,0],[-0.553,0],[0,0]],"o":[[2.373,0.78],[1.178,1.683],[0.428,1.959],[0,4.498],[-2.45,4.207],[0,0],[-0.553,0],[0,0],[0,-0.553],[0,0],[2.097,0.03]],"v":[[5.501,-16.18],[11.266,-11.888],[13.677,-6.426],[14.32,-0.827],[11.61,10.604],[0.265,16.914],[-13.32,16.914],[-14.32,15.914],[-14.32,-15.914],[-13.32,-16.914],[0.265,-16.914]],"c":true},"ix":2},"nm":"Path 2","mn":"ADBE Vector Shape - Group","hd":false},{"ty":"mm","mm":1,"nm":"Merge Paths 1","mn":"ADBE Vector Filter - Merge","hd":false},{"ty":"st","c":{"a":0,"k":[0.987999949736,0.702000038297,0.086000001197,1],"ix":3},"o":{"a":0,"k":100,"ix":4},"w":{"a":0,"k":2,"ix":5},"lc":1,"lj":1,"ml":10,"bm":0,"nm":"Stroke 1","mn":"ADBE Vector Graphic - Stroke","hd":false},{"ty":"tr","p":{"a":0,"k":[204.769,344.66],"ix":2},"a":{"a":0,"k":[0,0],"ix":1},"s":{"a":0,"k":[100,100],"ix":3},"r":{"a":0,"k":0,"ix":6},"o":{"a":0,"k":100,"ix":7},"sk":{"a":0,"k":0,"ix":4},"sa":{"a":0,"k":0,"ix":5},"nm":"Transform"}],"nm":"Group 1","np":4,"cix":2,"bm":0,"ix":1,"mn":"ADBE Vector Group","hd":false},{"ty":"gr","it":[{"ind":0,"ty":"sh","ix":1,"ks":{"a":0,"k":{"i":[[-0.681,0],[0,0],[0.207,0.646],[0,0],[0.304,-0.919],[0,0]],"o":[[0,0],[0.678,0],[0,0],[-0.296,-0.922],[0,0],[-0.213,0.647]],"v":[[-3.029,4.13],[2.88,4.13],[3.833,2.824],[0.917,-6.255],[-0.984,-6.263],[-3.98,2.817]],"c":true},"ix":2},"nm":"Path 1","mn":"ADBE Vector Shape - Group","hd":false},{"ind":1,"ty":"sh","ix":2,"ks":{"a":0,"k":{"i":[[-0.423,0],[0,0],[-0.141,-0.399],[0,0],[0.691,0],[0,0],[0.133,0.414],[0,0],[0.434,0],[0,0],[0.135,-0.41],[0,0],[0.431,0],[0,0],[-0.232,0.652],[0,0]],"o":[[0,0],[0.424,0],[0,0],[0.23,0.651],[0,0],[-0.434,0],[0,0],[-0.132,-0.413],[0,0],[-0.431,0],[0,0],[-0.135,0.41],[0,0],[-0.691,0],[0,0],[0.142,-0.398]],"v":[[-3.242,-16.914],[3.343,-16.914],[4.286,-16.248],[15.548,15.58],[14.604,16.913],[9.083,16.913],[8.13,16.219],[6.346,10.654],[5.393,9.96],[-5.613,9.96],[-6.562,10.647],[-8.402,16.227],[-9.352,16.913],[-14.604,16.913],[-15.546,15.577],[-4.184,-16.25]],"c":true},"ix":2},"nm":"Path 2","mn":"ADBE Vector Shape - Group","hd":false},{"ty":"mm","mm":1,"nm":"Merge Paths 1","mn":"ADBE Vector Filter - Merge","hd":false},{"ty":"st","c":{"a":0,"k":[0.987999949736,0.702000038297,0.086000001197,1],"ix":3},"o":{"a":0,"k":100,"ix":4},"w":{"a":0,"k":2,"ix":5},"lc":1,"lj":1,"ml":10,"bm":0,"nm":"Stroke 1","mn":"ADBE Vector Graphic - Stroke","hd":false},{"ty":"tr","p":{"a":0,"k":[170.126,344.66],"ix":2},"a":{"a":0,"k":[0,0],"ix":1},"s":{"a":0,"k":[100,100],"ix":3},"r":{"a":0,"k":0,"ix":6},"o":{"a":0,"k":100,"ix":7},"sk":{"a":0,"k":0,"ix":4},"sa":{"a":0,"k":0,"ix":5},"nm":"Transform"}],"nm":"Group 2","np":4,"cix":2,"bm":0,"ix":2,"mn":"ADBE Vector Group","hd":false}],"ip":0,"op":75,"st":0,"bm":0}],"markers":[]}